<?xml version = "1.0"?>
<GameData>
<!-- screenTitle is also used to identify you and your animation.
     So make sure to include your name as part of the screenTitle -->
<title>The Tracker Framework</title>
<maxStringSize>50</maxStringSize>

<frameCapOn>true</frameCapOn>
<period>17</period>

<maxFrames>300</maxFrames>
<username>malloy</username>

<view>
  <width>800</width>
  <height>600</height>
  <loc x="30" y="30"/>
</view>

<world>
  <width>2000</width>
  <height>600</height>
</world>

<sky>
  <file>assets/background.png</file>
  <factor>50</factor>
  <transparency>false</transparency>
</sky>

<bridge>
  <file>assets/bridge.png</file>
  <factor>1</factor>
  <transparency>false</transparency>
</bridge>

<city1>
  <file>assets/city1.png</file>
  <factor>3</factor>
  <transparency>false</transparency>
</city1>

<city2>
  <file>assets/city2.png</file>
  <factor>4</factor>
  <transparency>false</transparency>
</city2>

<city3>
  <file>assets/city3.png</file>
  <factor>5</factor>
  <transparency>false</transparency>
</city3>

<city4>
  <file>assets/city4.png</file>
  <factor>6</factor>
  <transparency>false</transparency>
</city4>

<font name="font">
  <file>fonts/arial.ttf</file>
  <size>24</size>
  <red>255</red>
  <green>255</green>
  <blue>0</blue>
  <alpha>0</alpha>
</font>

<petSprite>
  <file>assets/petSpriteR.png</file>
  <startLoc x="50" y="140"/>
  <speedX>200</speedX>
  <speedY>200</speedY>
  <transparency>false</transparency>
</petSprite>


<bikerSprite>
  <file>assets/bikerSprite.png</file>
  <startLoc x="50" y="400"/>
  <frames>5</frames>
  <frameInterval>100</frameInterval>
  <speedX>200</speedX>
  <speedY>0</speedY>
  <transparency>false</transparency>
</bikerSprite>

<leftbikerSprite>
  <file>assets/leftbikerSprite.png</file>
  <startLoc x="50" y="400"/>
  <frames>5</frames>
  <frameInterval>100</frameInterval>
  <speedX>200</speedX>
  <speedY>0</speedY>
  <transparency>false</transparency>
</leftbikerSprite>

</GameData>
